{"cameraMode":{"drawMode":0,"name":"Shaded","section":"Shading Mode"},"sceneLighting":true,"audioPlay":false,"sceneViewState":{"showFog":true,"showMaterialUpdate":false,"showSkybox":true,"showFlares":true,"showImageEffects":true,"showParticleSystems":true},"in2DMode":false,"pivot":{"x":-1.973426103591919,"y":0.3482363224029541,"z":-0.31339526176452639},"rotation":{"x":0.25158941745758059,"y":-0.6645470857620239,"z":0.25493595004081728,"w":0.6558215618133545},"size":19.392377853393556,"orthographic":false}